{"cameraMode":{"drawMode":0,"name":"Shaded","section":"Shading Mode"},"sceneLighting":false,"audioPlay":false,"sceneViewState":{"showFog":true,"showMaterialUpdate":true,"showSkybox":true,"showFlares":true,"showImageEffects":true,"showParticleSystems":true},"in2DMode":false,"pivot":{"x":7.730000019073486,"y":30.360000610351564,"z":6.309999942779541},"rotation":{"x":-0.13864901661872865,"y":0.2957826852798462,"z":-0.04343624413013458,"w":-0.9441418051719666},"size":7.179004669189453,"orthographic":false}